"","Estimate","Std..Error","t.value","p.KR"
"(Intercept)",3.95108249149271,0.163729424766326,24.1317802046375,0
"PPT",-0.28135863279811,0.0118171207616954,-23.8094065781336,0
"Min_Temp",0.120806463655498,0.00970802006238703,12.4439857848619,0
"Max_Temp",0.113731909969782,0.0168204123787409,6.76154112092558,1.05344799550267e-09
"Zero_PPT_days",0.0434799211361567,0.0156220461485151,2.78324111469159,0.00647807826639024
"Extreme_days",-0.177895620819934,0.0130911507913427,-13.5889979158729,0
"SDI",0.000131121694254257,0.00781153191560538,0.0167856568558992,0.986642344006432
"GC",-0.0334486011198426,0.0143708157589116,-2.32753670222935,0.0220308726340905
